CREATE TABLE HENK 
(HTUN CHAR (4) NOT NULL, 
SNIMI CHAR (12) NOT NULL, 
KUNTA CHAR (10) NULL, 
SVUOSI SMALLINT NULL, 
PALKKA DECIMAL (7,2) NULL); 

CREATE UNIQUE INDEX HENK_IND on HENK(HTUN); 
 
INSERT INTO HENK VALUES ('2134','Virta','TURKU',1935,5050); 

INSERT INTO HENK VALUES ('2245','Joki','HELSINKI',1944,7230); 
 
INSERT INTO HENK VALUES ('2983','Ranta','TAMPERE',1944,3500);
 
INSERT INTO HENK VALUES ('2234','Metsa','TURKU',1946,7230); 
 
INSERT INTO HENK VALUES ('2884','Jarvi','HELSINKI',1935,7100.55); 
 
INSERT INTO HENK VALUES ('2345','Meri','TURKU',1954,5050); 

 
CREATE TABLE PROJ 
(PTUN CHAR (4) NOT NULL, 
PNIMI CHAR (10) NOT NULL, 
PRIORIT SMALLINT NULL, 
SIJAINTI CHAR (10) NULL); 
 

create unique index PROJ_IND on PROJ(PTUN); 

INSERT INTO PROJ VALUES ('P1','KIRJANPITO','2','TURKU'); 

INSERT INTO PROJ VALUES ('P2','LASKUTUS',1,'HELSINKI'); 

INSERT INTO PROJ VALUES 
('P3','VARASTO',2,'OULU'); 
 
INSERT INTO PROJ VALUES ('P4','RESKONTRA',2,'TURKU'); 
 
INSERT INTO PROJ VALUES ('P5','ASIAKKAAT',3,'KUOPIO'); 
 
INSERT INTO PROJ VALUES 
('P6','TILASTO',null,null); 
 
CREATE TABLE PRHE 
(PTUN CHAR (4) NOT NULL, 
HTUN CHAR (4) NOT NULL, 
TUNNIT SMALLINT NULL, 
TUNNIT_SUUN SMALLINT NULL); 

create unique index PRHE_IND on PRHE(PTUN, HTUN); 
 
INSERT INTO PRHE VALUES ('P1','2134',300,300); 
 
INSERT INTO PRHE VALUES ('P1','2245',200,300); 
 
INSERT INTO PRHE VALUES ('P1','2983',400,500); 
 
INSERT INTO PRHE VALUES ('P1','2884',100,200); 
 
INSERT INTO PRHE VALUES ('P1','2345',100,100); 
 
INSERT INTO PRHE VALUES ('P2','2134',300,null); 
 
INSERT INTO PRHE VALUES ('P2','2245',400,500); 
 
INSERT INTO PRHE VALUES ('P3','2245',200,100); 
 
INSERT INTO PRHE VALUES ('P4','2245',200,200); 
 
INSERT INTO PRHE VALUES ('P4','2234',300,400); 
 
INSERT INTO PRHE VALUES ('P4','2884',400,600); 
 
INSERT INTO PRHE VALUES ('P1','2234',200,null); 
 